﻿<?xml version="1.0" encoding="utf-8"?><ArrayOfResMenu xmlns:xsi="http://www.w3.org/2001/XMLSchema-instance" xmlns:xsd="http://www.w3.org/2001/XMLSchema"><ResMenu><id>1</id><category>Drinks</category><name>Plain Lassi</name><price>0.99</price></ResMenu><ResMenu><id>2</id><category>Drinks</category><name>Sweet Lassi</name><price>1.19</price></ResMenu><ResMenu><id>3</id><category>Drinks</category><name>Salt Lassi</name><price>1.19</price></ResMenu><ResMenu><id>4</id><category>Drinks</category><name>Mango Lassi</name><price>1.29</price></ResMenu><ResMenu><id>5</id><category>Drinks</category><name>Rose Lassi</name><price>1.19</price></ResMenu><ResMenu><id>7</id><category>Drinks</category><name>Nimbu Paani</name><price>0.89</price></ResMenu><ResMenu><id>8</id><category>Drinks</category><name>Masala Chai</name><price>1</price></ResMenu><ResMenu><id>9</id><category>Mains</category><name>Paneer Butter Masala</name><price>3.5</price></ResMenu><ResMenu><id>10</id><category>Mains</category><name>Palak Paneer</name><price>3.4</price></ResMenu><ResMenu><id>11</id><category>Mains</category><name>Chhole Bhatura</name><price>4</price></ResMenu><ResMenu><id>12</id><category>Mains</category><name>Masala Dosa</name><price>2.8</price></ResMenu><ResMenu><id>13</id><category>Mains</category><name>Plain Dosa</name><price>2.5</price></ResMenu><ResMenu><id>14</id><category>Mains</category><name>Paneer Dosa</name><price>3</price></ResMenu><ResMenu><id>15</id><category>Mains</category><name>Chicken Biryani</name><price>4.5</price></ResMenu><ResMenu><id>16</id><category>Mains</category><name>Lamb Biryani</name><price>4.8</price></ResMenu><ResMenu><id>17</id><category>Mains</category><name>Chicken Butter Masala</name><price>4.3</price></ResMenu><ResMenu><id>18</id><category>Mains</category><name>Chicken Tikka Masala</name><price>4.3</price></ResMenu><ResMenu><id>19</id><category>Desserts</category><name>Rasmalai</name><price>2</price></ResMenu><ResMenu><id>20</id><category>Desserts</category><name>Gulab Jamun</name><price>2.5</price></ResMenu><ResMenu><id>21</id><category>Desserts</category><name>Gajar Halwa</name><price>3</price></ResMenu><ResMenu><id>22</id><category>Desserts</category><name>Kheer</name><price>2.75</price></ResMenu></ArrayOfResMenu>