﻿<?xml version="1.0" encoding="utf-8"?><ArrayOfOrders xmlns:xsi="http://www.w3.org/2001/XMLSchema-instance" xmlns:xsd="http://www.w3.org/2001/XMLSchema"><Orders><tableNo>9</tableNo><orderedDishes>Masala Chai</orderedDishes><totalPrice>1</totalPrice><count>1</count></Orders><Orders><tableNo>9</tableNo><orderedDishes>Kheer</orderedDishes><totalPrice>2.75</totalPrice><count>1</count></Orders><Orders><tableNo>10</tableNo><orderedDishes>Palak Paneer</orderedDishes><totalPrice>3.4</totalPrice><count>1</count></Orders><Orders><tableNo>10</tableNo><orderedDishes>Plain Lassi</orderedDishes><totalPrice>0.99</totalPrice><count>1</count></Orders></ArrayOfOrders>