﻿<?xml version="1.0" encoding="utf-8"?><ArrayOfTables xmlns:xsi="http://www.w3.org/2001/XMLSchema-instance" xmlns:xsd="http://www.w3.org/2001/XMLSchema"><Tables><tableNum>1</tableNum><numSeats>4</numSeats><bookedName>Günther Grass</bookedName><bookingTime>2022-02-12T15:30:00</bookingTime><status>Wheat</status><totalBill>0</totalBill></Tables><Tables><tableNum>2</tableNum><numSeats>2</numSeats><bookedName>Sarah Connor</bookedName><bookingTime>2022-02-11T11:00:00</bookingTime><status>Wheat</status><totalBill>0</totalBill></Tables><Tables><tableNum>3</tableNum><numSeats>3</numSeats><bookedName>Oscar Wilde</bookedName><bookingTime>2022-02-10T17:00:00</bookingTime><status>Wheat</status><totalBill>0</totalBill></Tables><Tables><tableNum>4</tableNum><numSeats>1</numSeats><bookedName>Mark Twain</bookedName><bookingTime>2022-02-10T18:30:00</bookingTime><status>Wheat</status><totalBill>0</totalBill></Tables><Tables><tableNum>5</tableNum><numSeats>4</numSeats><bookedName /><bookingTime>0001-01-01T00:00:00</bookingTime><status>White</status><totalBill>0</totalBill></Tables><Tables><tableNum>6</tableNum><numSeats>3</numSeats><bookedName /><bookingTime>0001-01-01T00:00:00</bookingTime><status>White</status><totalBill>0</totalBill></Tables><Tables><tableNum>7</tableNum><numSeats>2</numSeats><bookedName /><bookingTime>0001-01-01T00:00:00</bookingTime><status>White</status><totalBill>0</totalBill></Tables><Tables><tableNum>8</tableNum><numSeats>5</numSeats><bookedName /><bookingTime>0001-01-01T00:00:00</bookingTime><status>White</status><totalBill>0</totalBill></Tables><Tables><tableNum>9</tableNum><numSeats>1</numSeats><bookedName>Atticus Finch</bookedName><bookingTime>2022-02-10T15:30:00</bookingTime><status>Wheat</status><totalBill>3.75</totalBill></Tables><Tables><tableNum>10</tableNum><numSeats>2</numSeats><bookedName /><bookingTime>0001-01-01T00:00:00</bookingTime><status>SandyBrown</status><totalBill>4.39</totalBill></Tables><Tables><tableNum>11</tableNum><numSeats>5</numSeats><bookedName /><bookingTime>0001-01-01T00:00:00</bookingTime><status>White</status><totalBill>0</totalBill></Tables><Tables><tableNum>12</tableNum><numSeats>1</numSeats><bookedName /><bookingTime>0001-01-01T00:00:00</bookingTime><status>White</status><totalBill>0</totalBill></Tables></ArrayOfTables>